{
  "附加套餐": [
    "一元",
    "五元",
    "十元",
    "两元",
    "三元",
    "二十元",
    "六元"
  ],
  "主套餐": [
    "十八元",
    "三十八元",
    "十元",
    "一百八十八元",
    "八元",
    "五十八元",
    "四十八元",
    "二十八元",
    "八十八元",
    "五十元",
    "一元",
    "三元",
    "两元",
    "五元",
    "免费元",
    "一百二十八元",
    "九元",
    "三十元",
    "十五元",
    "一百三十八元",
    "六十元",
    "二十元",
    "三十五元",
    "一百五十八元",
    "六十八元"
  ],
  "4g套餐": [
    "二十八元",
    "五十八元",
    "八元",
    "八十八元",
    "十八元",
    "三十八元",
    "五十元",
    "四十八元",
    "十元",
    "一百五十八元",
    "一百三十八元"
  ],
  "流量包": [
    "十元",
    "二十元",
    "五十元",
    "四十八元",
    "七十元",
    "一百元",
    "三十元",
    "五元",
    "八十八元",
    "六十元",
    "九元九",
    "免费元",
    "一天一元",
    "三元",
    "一元",
    "八元",
    "两元",
    "四十元",
    "十五元",
    "九元",
    "七十九元",
    "二十四元",
    "零元",
    "二十五元",
    "五十八元",
    "十八元",
    "六元",
    "三十八元",
    "三十五元"
  ],
  "套餐": [
    "三十八元",
    "二十八元",
    "十元",
    "九元",
    "一百五十八元",
    "八元",
    "五十八元",
    "一百三十八元",
    "五十元",
    "十八元",
    "一百二十八元",
    "八十八元",
    "四十八元",
    "二十元",
    "三十五元",
    "三十元",
    "三十九元",
    "六元",
    "一百八十八元",
    "一元",
    "十五元",
    "三元"
  ],
  "业务": [
    "三元",
    "五元",
    "十元",
    "一元",
    "九元",
    "三十元",
    "两元",
    "十五元",
    "六十元",
    "六元",
    "二十元",
    "八元",
    "免费元",
    "五十元",
    "五十八元",
    "十二元",
    "三十八元",
    "八十八元",
    "四元",
    "十八元"
  ],
  "数据业务": [
    "三元",
    "八元",
    "五元",
    "六元",
    "十元"
  ]
}